{"cameraMode":{"drawMode":0,"name":"Shaded","section":"Shading Mode"},"sceneLighting":true,"audioPlay":false,"sceneViewState":{"m_AlwaysRefresh":true,"showFog":true,"showSkybox":true,"showFlares":true,"showImageEffects":true,"showParticleSystems":true,"showVisualEffectGraphs":true,"m_FxEnabled":true},"in2DMode":false,"pivot":{"x":90.58330535888672,"y":-10.180137634277344,"z":-112.35163879394531},"rotation":{"x":0.09956523030996323,"y":-0.5114191770553589,"z":0.05979255959391594,"w":0.8514891266822815},"size":15.785748481750489,"orthographic":false}