{"cameraMode":{"drawMode":0,"name":"Shaded","section":"Shading Mode"},"sceneLighting":true,"audioPlay":false,"sceneViewState":{"m_AlwaysRefresh":true,"showFog":true,"showSkybox":false,"showFlares":true,"showImageEffects":true,"showParticleSystems":true,"showVisualEffectGraphs":true,"m_FxEnabled":true},"in2DMode":false,"pivot":{"x":-2.5213630199432375,"y":1.973297357559204,"z":-4.313321590423584},"rotation":{"x":0.053186364471912387,"y":-0.6267096996307373,"z":0.042923878878355029,"w":0.7762842774391174},"size":1.6755428314208985,"orthographic":false}