{"cameraMode":{"drawMode":0,"name":"Shaded","section":"Shading Mode"},"sceneLighting":true,"audioPlay":false,"sceneViewState":{"m_AlwaysRefresh":true,"showFog":true,"showSkybox":true,"showFlares":true,"showImageEffects":true,"showParticleSystems":true,"showVisualEffectGraphs":true,"m_FxEnabled":true},"in2DMode":false,"pivot":{"x":71.36668395996094,"y":-6.982573509216309,"z":-108.99009704589844},"rotation":{"x":0.04091693088412285,"y":-0.5222206115722656,"z":0.025069549679756166,"w":0.8515512943267822},"size":21.036178588867189,"orthographic":false}